"DESCRIPTION","DURATION IN MS","NAME","PARENT SUITE","START TIME","STATUS","STOP TIME","SUB SUITE","SUITE","TEST CLASS","TEST METHOD"
"","48","CreateBooking_ThenRetrieveBooking_ShouldReturnSameData","","2026-07-27","passed","2026-07-27","","NUnitAPITests","BookingApiTests","CreateBooking_ThenRetrieveBooking_ShouldReturnSameData"
"","46","PartiallyUpdateBooking_WithoutAuthentication_ShouldReturnForbidden","","2026-07-27","passed","2026-07-27","","NUnitAPITests","BookingApiTests","PartiallyUpdateBooking_WithoutAuthentication_ShouldReturnForbidden"
"","134","Delete an existing booking without authentication","","2026-07-27","passed","2026-07-27","","NUnitAPITests","",""
"","23","GetBooking_WithInvalidId_ShouldReturnNotFound","","2026-07-27","passed","2026-07-27","","NUnitAPITests","BookingApiTests","GetBooking_WithInvalidId_ShouldReturnNotFound"
"","1523","InvalidCredentials_ShowsErrorMessage","","2026-07-27","passed","2026-07-27","","LoginUIPlaywrightTests","LoginTests","InvalidCredentials_ShowsErrorMessage"
"","163","DeleteBooking_ShouldReturnCreatedStatusCode","","2026-07-27","passed","2026-07-27","","NUnitAPITests","BookingApiTests","DeleteBooking_ShouldReturnCreatedStatusCode"
"","1540","AddItemToCart_UpdatesCartBadge","","2026-07-27","passed","2026-07-27","","CartUIPlaywrightTests","CartTests","AddItemToCart_UpdatesCartBadge"
"","45","DeleteBooking_WithoutAuthentication_ShouldReturnForbidden","","2026-07-27","passed","2026-07-27","","NUnitAPITests","BookingApiTests","DeleteBooking_WithoutAuthentication_ShouldReturnForbidden"
"","46","PartiallyUpdateExistingBooking_ReturnsUpdatedBooking","","2026-07-27","passed","2026-07-27","","NUnitAPITests","BookingApiTests","PartiallyUpdateExistingBooking_ReturnsUpdatedBooking"
"","382","Adding an item to the cart updates the badge counter","","2026-07-27","passed","2026-07-27","","CartUIPlaywrightTests","",""
"","73","Get booking by invalid ID returns Not Found","","2026-07-27","passed","2026-07-27","","NUnitAPITests","",""
"","524","Confirmation message is displayed after a successful checkout","","2026-07-27","passed","2026-07-27","","CheckoutUIPlaywrightTests","",""
"","488","Checkout fails with invalid shipping details","","2026-07-27","passed","2026-07-27","","CheckoutUIPlaywrightTests","",""
"","164","Partially update a non-existing booking","","2026-07-27","passed","2026-07-27","","NUnitAPITests","",""
"","69","PartiallyUpdateExistingBooking_ThenRetrieveBooking_ShouldReturnSameData","","2026-07-27","passed","2026-07-27","","NUnitAPITests","BookingApiTests","PartiallyUpdateExistingBooking_ThenRetrieveBooking_ShouldReturnSameData"
"","299","Login fails with invalid credentials","","2026-07-27","passed","2026-07-27","","LoginUIPlaywrightTests","",""
"","202","Partially update an existing booking","","2026-07-27","passed","2026-07-27","","NUnitAPITests","",""
"","102","Update booking without authentication","","2026-07-27","passed","2026-07-27","","NUnitAPITests","",""
"","29","PartiallyUpdateBooking_WithInvalidId_ShouldReturnMethodNotAllowed","","2026-07-27","passed","2026-07-27","","NUnitAPITests","BookingApiTests","PartiallyUpdateBooking_WithInvalidId_ShouldReturnMethodNotAllowed"
"","68","UpdateExistingBooking_ThenRetrieveBooking_ShouldReturnSameData","","2026-07-27","passed","2026-07-27","","NUnitAPITests","BookingApiTests","UpdateExistingBooking_ThenRetrieveBooking_ShouldReturnSameData"
"","426","Added item appears in the cart","","2026-07-27","passed","2026-07-27","","CartUIPlaywrightTests","",""
"","166","Update a non-existing booking","","2026-07-27","passed","2026-07-27","","NUnitAPITests","",""
"","284","Login fails with invalid credentials","","2026-07-27","passed","2026-07-27","","LoginUIPlaywrightTests","",""
"","227","Updated booking can be retrieved","","2026-07-27","passed","2026-07-27","","NUnitAPITests","",""
"","229","Deleted booking cannot be retrieved","","2026-07-27","passed","2026-07-27","","NUnitAPITests","",""
"","118","Partially update booking without authentication","","2026-07-27","passed","2026-07-27","","NUnitAPITests","",""
"","122","Created booking can be retrieved","","2026-07-27","passed","2026-07-27","","NUnitAPITests","",""
"","307","Login fails with invalid credentials","","2026-07-27","passed","2026-07-27","","LoginUIPlaywrightTests","",""
"","174","Update an existing booking","","2026-07-27","passed","2026-07-27","","NUnitAPITests","",""
"","256","Create a booking with valid details","","2026-07-27","passed","2026-07-27","","NUnitAPITests","",""
"","2839","AddItemToCart_ItemAppearsInCart","","2026-07-27","passed","2026-07-27","","CartUIPlaywrightTests","CartTests","AddItemToCart_ItemAppearsInCart"
"","1348","InvalidCredentials_ShowsErrorMessage","","2026-07-27","passed","2026-07-27","","LoginUIPlaywrightTests","LoginTests","InvalidCredentials_ShowsErrorMessage"
"","516","Checkout fails with invalid shipping details","","2026-07-27","passed","2026-07-27","","CheckoutUIPlaywrightTests","",""
"","448","Removing an item leaves the cart empty","","2026-07-27","passed","2026-07-27","","CartUIPlaywrightTests","",""
"","27","GetAllBookings_Returns200_WithResults","","2026-07-27","passed","2026-07-27","","NUnitAPITests","BookingApiTests","GetAllBookings_Returns200_WithResults"
"","341","Successful login redirects to Products page","","2026-07-27","passed","2026-07-27","","LoginUIPlaywrightTests","",""
"","1007","CreateBooking_ShouldCreateBookingSuccessfully","","2026-07-27","passed","2026-07-27","","NUnitAPITests","BookingApiTests","CreateBooking_ShouldCreateBookingSuccessfully"
"","1661","ValidCheckout_ShowsConfirmation","","2026-07-27","passed","2026-07-27","","CheckoutUIPlaywrightTests","CheckoutTests","ValidCheckout_ShowsConfirmation"
"","1079","ValidLogin_RedirectsToProductsPage","","2026-07-27","passed","2026-07-27","","LoginUIPlaywrightTests","LoginTests","ValidLogin_RedirectsToProductsPage"
"","1651","RemoveItemFromCart_CartBecomesEmpty","","2026-07-27","passed","2026-07-27","","CartUIPlaywrightTests","CartTests","RemoveItemFromCart_CartBecomesEmpty"
"","2747","InvalidCredentials_ShowsErrorMessage","","2026-07-27","passed","2026-07-27","","LoginUIPlaywrightTests","LoginTests","InvalidCredentials_ShowsErrorMessage"
"","68","DeletedBooking_CannotBeRetrieved","","2026-07-27","passed","2026-07-27","","NUnitAPITests","BookingApiTests","DeletedBooking_CannotBeRetrieved"
"","24","UpdateBooking_WithInvalidId_ShouldReturnMethodNotAllowed","","2026-07-27","passed","2026-07-27","","NUnitAPITests","BookingApiTests","UpdateBooking_WithInvalidId_ShouldReturnMethodNotAllowed"
"","48","GetBookingById_ReturnsExpectedBooking","","2026-07-27","passed","2026-07-27","","NUnitAPITests","BookingApiTests","GetBookingById_ReturnsExpectedBooking"
"","194","Delete an existing booking","","2026-07-27","passed","2026-07-27","","NUnitAPITests","",""
"","83","Get all bookings returns a non-empty list","","2026-07-27","passed","2026-07-27","","NUnitAPITests","",""
"","1729","CheckoutWithoutPostalCode_ShowsError","","2026-07-27","passed","2026-07-27","","CheckoutUIPlaywrightTests","CheckoutTests","CheckoutWithoutPostalCode_ShowsError"
"","46","UpdateBooking_WithoutAuthentication_ShouldReturnForbidden","","2026-07-27","passed","2026-07-27","","NUnitAPITests","BookingApiTests","UpdateBooking_WithoutAuthentication_ShouldReturnForbidden"
"","2954","CheckoutWithoutFirstName_ShowsError","","2026-07-27","passed","2026-07-27","","CheckoutUIPlaywrightTests","CheckoutTests","CheckoutWithoutFirstName_ShowsError"
"","213","Partially updated booking can be retrieved","","2026-07-27","passed","2026-07-27","","NUnitAPITests","",""
"","47","UpdateExistingBooking_ReturnsUpdatedBooking","","2026-07-27","passed","2026-07-27","","NUnitAPITests","BookingApiTests","UpdateExistingBooking_ReturnsUpdatedBooking"
"","107","Get an existing booking returns valid booking data","","2026-07-27","passed","2026-07-27","","NUnitAPITests","",""
